Label,URL,Project,Order
Live,https://bearnax.github.io/limited-grammar/,Lil Sebastian,1
Repo,https://github.com/bearnax/limited-grammar,Lil Sebastian,2
Repo,https://github.com/bearnax/hq,MML,2
Live,https://bearnax.github.io/potential-chainsaw/,Elden Ring Build Selector,1
Repo,https://github.com/bearnax/potential-chainsaw,Elden Ring Build Selector,2
Live,https://bearnax.github.io/my-links/,My Links (this site),1
Repo,https://github.com/bearnax/my-links,My Links (this site),2
Repo,https://github.com/bearnax/miniature-succotash,Customer Feedback Loop,2
Repo,https://github.com/bearnax/tip-pitch-mill,Pitch Mill,2
Repo,https://github.com/bearnax/tip-newsroom,The Newsroom,2
Repo,https://github.com/bearnax/tip-scout,A.W. Sterling,2
Repo,https://github.com/bearnax/hq,Feist — Daily GM,2
Repo,https://github.com/bearnax/hq,Fibbly,2
